[
  {
    "question": "What is the smallest prime number?",
    "options": ["0", "1", "2", "3"],
    "correct_answer": "2",
    "explanation": "2 is the smallest prime number. A prime number is a natural number greater than 1 that has no positive divisors other than 1 and itself.",
    "bakok_explanation": "Prime numbers are fundamental in mathematics. The number 2 is unique as it's the only even prime number.",
    "bakok_reference": "Mathematics - Number Theory",
    "why_others_are_wrong": {
      "0": "0 is not considered a prime number.",
      "1": "1 is not considered a prime number by definition.",
      "3": "3 is a prime number, but it's not the smallest."
    }
  },
  {
    "question": "In which year did the Titanic sink?",
    "options": ["1912", "1915", "1920", "1905"],
    "correct_answer": "1912",
    "explanation": "The Titanic sank on April 15, 1912, after hitting an iceberg during its maiden voyage across the Atlantic Ocean.",
    "bakok_explanation": "The sinking of the Titanic is one of the most famous maritime disasters in history, resulting in the loss of over 1,500 lives.",
    "bakok_reference": "History - Maritime Disasters",
    "why_others_are_wrong": {
      "1915": "This is not the correct year.",
      "1920": "This is not the correct year.",
      "1905": "This is not the correct year."
    }
  }
]
